ProductID,ProductName,Category,SubCategory,PricePerUnit,StockQuantity,SupplierID
2aa28375-c563-41b5-aa33-8e2c2e0f4db9,However Fruit,Fruits,Sub-Fruits-1,207,290,b43e95ec-45a1-4d19-a51a-906f20138819
e9282403-e234-4e35-a711-50acb03bbecc,Serve Snack,Snacks,Sub-Snacks-1,905,259,ae18804b-376b-486e-b505-27827e2bb65b
d79d1b95-ecdf-4810-aea0-45e9bd10627d,Rule Fruit,Fruits,Sub-Fruits-4,111,26,f2aaa004-00c1-4c85-ad2b-881976b6871f
05765892-c750-44cc-96e2-31fa53d42cb2,We Vegetable,Vegetables,Sub-Vegetables-1,887,296,9c835e49-ca2d-4154-a075-06a41016b760
3bfb746e-f1e6-4946-a314-7d9119fd950d,Character Baker,Bakery,Sub-Bakery-3,961,127,472dba92-b105-420b-8681-322f881cd15c
11dc08ec-ef6f-43d0-abaa-414a9c336956,Door Vegetable,Vegetables,Sub-Vegetables-4,50,19,d36c203f-3e32-49be-903e-40a0371a9b1b
e5bdb329-60d3-4673-8782-1ab101f98187,Choose Dair,Dairy,Sub-Dairy-1,604,126,f7608345-ec17-40b8-92ed-4c617afcb7c7
9747fd32-5076-46c3-90b4-5f404b86b219,Nothing Fruit,Fruits,Sub-Fruits-4,6,306,2eac5dc7-e37c-469c-9ed8-d435cf67e707
9d82e469-12e6-4fd6-9a41-837ac63c1d2b,Prepare Dair,Dairy,Sub-Dairy-2,131,322,a2c63bed-5e56-4a32-97e7-0f21eaa77d05
e4c3f640-fa46-4510-8f45-32df79fcaec4,Him Mea,Meat,Sub-Meat-1,169,451,5405a029-3e39-4d8f-911f-7ca0f8ed0467
b8a16df8-38c0-462d-888d-9c5e42704267,Difference Vegetable,Vegetables,Sub-Vegetables-1,766,265,21466ba5-3fb8-4bb0-a34d-8bf42ce8be02
37cc1e52-274c-4fd2-bc0e-d0506c57973b,Election Mea,Meat,Sub-Meat-2,302,326,cdd4c0b3-6a31-4ac8-8ba9-f83d81efc70c
3233bde0-ced5-42e6-94c3-70502e4fd8c8,Close Vegetable,Vegetables,Sub-Vegetables-1,628,48,0d6cbb0e-e585-46c3-8115-9a0d3128ae3f
497662c1-bcb6-4b85-8368-1bfb152f54fe,Until Fruit,Fruits,Sub-Fruits-2,604,329,ae18804b-376b-486e-b505-27827e2bb65b
d2a3e556-244b-4a92-a5c9-e68099bd71ff,Out Fruit,Fruits,Sub-Fruits-3,753,15,a9a778cf-d220-4797-8489-b3cc3b6f9bf1
f54373ef-e8d6-44b8-8c93-5b88c90df8a5,Key Mea,Meat,Sub-Meat-1,437,320,17f96d5d-46c5-4c63-a268-85a282e04400
610589f5-2ec6-41f9-9346-7f84f75c9566,Loss Baker,Bakery,Sub-Bakery-2,822,114,821b7ee6-5162-4c03-85d7-ba5f2fe8d81d
08928fcf-493c-4a7f-abca-615245a308e3,Against Vegetable,Vegetables,Sub-Vegetables-1,576,162,64d0412c-213e-4681-8f6a-df940885bbf1
775c8a15-5ece-4728-978d-22544a5df522,Get Dair,Dairy,Sub-Dairy-1,977,251,2eac5dc7-e37c-469c-9ed8-d435cf67e707
0b3f040c-2cd4-48f4-b5dd-dc3a588ae3eb,Window Snack,Snacks,Sub-Snacks-2,375,30,dbc85300-3479-4194-9399-d87258c840e3
0629219f-2176-40d7-8765-4aa1024cf4ac,Room Snack,Snacks,Sub-Snacks-4,353,299,ca8fee9b-18fd-43f9-9562-f0a35ea4f066
cd0260b8-01cc-4326-aff6-ba4ecd15d083,Standard Vegetable,Vegetables,Sub-Vegetables-3,79,141,158ae598-5c95-4dd7-b714-1f24332ddf9c
081878a0-109a-42f2-a09f-638a59e18ff3,Ok Snack,Snacks,Sub-Snacks-1,696,61,78dc74b5-f07f-4c4f-b68b-f753946c4169
71b615ab-4d03-474a-85f8-20e0f1bc1df2,White Fruit,Fruits,Sub-Fruits-3,612,419,6fe73b62-d844-47ae-8632-99ebe7afe93a
089d2e9f-0785-4cb7-85dd-b002fee30c9d,Real Mea,Meat,Sub-Meat-4,175,158,a76ab021-15de-49ec-88e9-011036d04f26
97db27c4-b646-4064-81f7-f5bed1e26e2a,These Fruit,Fruits,Sub-Fruits-2,43,416,0626d237-4eb0-497c-9085-32379516e66e
078a229e-434f-4036-8445-a8b26bfdf887,Community Fruit,Fruits,Sub-Fruits-3,419,461,6e056e5b-35be-402f-92b1-cbf0d84fe77a
79aafebe-36bf-43f2-8278-c795a1dc37eb,Not Fruit,Fruits,Sub-Fruits-4,795,112,bf75c003-15d6-4e96-8b9f-adf01d604523
2b290c09-f79f-45a4-bef8-9ab381037d6f,Push Mea,Meat,Sub-Meat-3,226,344,5f6b5980-2ff5-44ae-a915-1f6623576752
3f021fba-b86a-4112-ac5f-d04ef7e1bcc7,Keep Baker,Bakery,Sub-Bakery-2,459,34,a494b24c-1481-4a30-a7e0-42f3ef211c68
e7631f67-8576-4917-8d5c-946f5518bf2a,Student Dair,Dairy,Sub-Dairy-2,121,478,64d0412c-213e-4681-8f6a-df940885bbf1
e1d6b9c3-f542-474a-95c9-ea7d5e2f123f,Close Vegetable,Vegetables,Sub-Vegetables-4,757,363,96f98cf1-5411-4003-93cf-f1129f87dbd6
2116f4c6-8d02-460b-bded-7af449ea246b,Show Mea,Meat,Sub-Meat-2,348,378,75f09dc0-9a02-48a6-a750-1edbda1a2c79
dd8d9164-0a54-4e08-805e-95b663045a14,Yourself Snack,Snacks,Sub-Snacks-2,316,29,9739e139-664d-478d-a30a-b5902d024371
cac0292b-104d-4346-b01b-2e845c398881,Hot Mea,Meat,Sub-Meat-1,88,382,9c835e49-ca2d-4154-a075-06a41016b760
9f9468c6-2345-4c3d-b337-f21077365f27,Despite Mea,Meat,Sub-Meat-3,961,308,1f969d9f-ddc7-4f49-93c7-2d4b7f857576
9fadcf5a-e87c-4809-8e98-9ddb4512b268,Management Mea,Meat,Sub-Meat-2,389,120,dbc85300-3479-4194-9399-d87258c840e3
22fdf945-a880-4e03-aabc-35e691521ddd,Social Vegetable,Vegetables,Sub-Vegetables-2,959,205,3ded9cdb-80a7-44b2-98fe-a1603797512a
293f3fe1-ea92-41aa-a978-acfceeae4548,One Snack,Snacks,Sub-Snacks-3,210,223,ae75a587-f35c-43f4-be12-73d764f224fa
dc15801e-afd1-4831-8ceb-9a96c8ac01ce,Community Dair,Dairy,Sub-Dairy-2,330,484,97e768fb-69b3-46df-81e3-0b249b4489b7
82666371-8961-4922-a4be-ce0149aabda9,Discuss Mea,Meat,Sub-Meat-3,908,442,21466ba5-3fb8-4bb0-a34d-8bf42ce8be02
974a29ca-94eb-4f84-8f3e-2fe92887a269,Pm Vegetable,Vegetables,Sub-Vegetables-2,276,365,6fe73b62-d844-47ae-8632-99ebe7afe93a
7c36545c-dedc-4428-a5c0-74033a7ff63b,Management Snack,Snacks,Sub-Snacks-4,316,177,a2c63bed-5e56-4a32-97e7-0f21eaa77d05
df089cda-bda8-448e-b495-f65eda39bc2c,Soldier Dair,Dairy,Sub-Dairy-2,967,32,6e056e5b-35be-402f-92b1-cbf0d84fe77a
714b58cb-2713-4729-8bdb-1127ace287ab,Positive Dair,Dairy,Sub-Dairy-4,425,72,97e768fb-69b3-46df-81e3-0b249b4489b7
5621202a-8bd4-42b5-8fe6-f8d07c52b775,Weight Snack,Snacks,Sub-Snacks-2,87,455,325d3442-638c-423b-961a-852f38f24244
8f2e0458-e88c-43ab-956e-21de8e411f6a,By Baker,Bakery,Sub-Bakery-2,862,69,11693b36-f557-4fe1-bb3b-7cd114a64501
d0f30365-6ccf-4a43-9e95-0d785650e753,Sister Dair,Dairy,Sub-Dairy-1,723,259,c2e6056c-7181-42d8-ab37-a7b425c475a0
145239de-d250-4d51-b078-eaa3090c0db7,Four Fruit,Fruits,Sub-Fruits-4,781,443,c2e6056c-7181-42d8-ab37-a7b425c475a0
d397d091-afee-47fc-a3b8-bfc5662281b1,Activity Dair,Dairy,Sub-Dairy-3,102,223,21466ba5-3fb8-4bb0-a34d-8bf42ce8be02
6d478814-944f-4314-a468-86d314bc28ac,Education Baker,Bakery,Sub-Bakery-2,818,138,5405a029-3e39-4d8f-911f-7ca0f8ed0467
f48ce7dd-6095-4fc5-8eda-9e78d003a4df,Ago Mea,Meat,Sub-Meat-1,721,134,d65a7907-4f18-4315-ac4e-05d1fa6db7cf
8a6e9df9-5752-4a87-a803-cc7d0948ea5b,Operation Dair,Dairy,Sub-Dairy-3,905,65,c0f9c773-055c-4bc1-9f03-61ed980a2ab4
6063dc9a-5074-4753-9823-edff3ef500bb,Laugh Snack,Snacks,Sub-Snacks-2,12,373,e9e936b2-54e3-4771-aa6d-fd3d4565acd7
cc76fa80-21a1-4e86-a87b-42794cb85a1b,Surface Dair,Dairy,Sub-Dairy-3,775,141,0ad44e14-5a33-4b70-8ec7-9b121d61a0ec
3014be56-9a9e-4aee-972f-8c0e8eddbc6d,Control Baker,Bakery,Sub-Bakery-2,429,27,60eec086-2aed-44c1-9cb6-d80f90601463
c036f403-eb0e-4426-ac9a-2f6bffbf3b10,Want Fruit,Fruits,Sub-Fruits-1,115,364,c2e6056c-7181-42d8-ab37-a7b425c475a0
883e8e8f-f279-4112-b223-e3ef5add761a,Become Baker,Bakery,Sub-Bakery-2,368,218,1f969d9f-ddc7-4f49-93c7-2d4b7f857576
9e32df56-6887-4aa1-8d80-9de92609d0ca,Drop Baker,Bakery,Sub-Bakery-1,311,109,821b7ee6-5162-4c03-85d7-ba5f2fe8d81d
5cb0977d-1812-464f-ac78-bf654f0054d6,Window Mea,Meat,Sub-Meat-1,54,473,f9f036bc-4256-4b8b-8450-0748a74f056b
4704612f-42a7-4dda-99cb-eb47f450221b,Choice Mea,Meat,Sub-Meat-3,884,176,1d39588b-0de9-415f-b039-141d5f6e16e6
f52fae18-d22c-4e36-8bbd-56cf7fd71172,Establish Snack,Snacks,Sub-Snacks-3,229,437,a494b24c-1481-4a30-a7e0-42f3ef211c68
f1fce7a0-1200-49d6-894d-fb101d46f2d3,Moment Dair,Dairy,Sub-Dairy-4,654,162,96f98cf1-5411-4003-93cf-f1129f87dbd6
c19d6281-7c7f-49c5-98d4-64cc08cd3882,Suddenly Snack,Snacks,Sub-Snacks-4,750,208,865832da-8442-482e-b22f-ee7a863edbfe
9cbc03e1-9d98-4e07-907a-c40f8f0a4377,Care Fruit,Fruits,Sub-Fruits-2,854,428,bf75c003-15d6-4e96-8b9f-adf01d604523
6d1f98b7-258b-4124-b1ab-f92d9be553d2,Partner Mea,Meat,Sub-Meat-3,661,154,737a3c46-e9d3-46c8-93f0-bce52be88056
0bc30906-239e-45f9-ac56-da421ac3e71d,What Snack,Snacks,Sub-Snacks-4,554,322,158ae598-5c95-4dd7-b714-1f24332ddf9c
6bff1063-47e4-447b-92c9-4a7c99a7958c,Recent Dair,Dairy,Sub-Dairy-4,5,32,cbee0816-9f68-4a9f-9b66-08ee23a87de2
3a2098ef-4fe1-48d6-80a5-df9fed22d11c,Party Fruit,Fruits,Sub-Fruits-3,504,270,78893cc3-a2c7-4c22-b6e7-0fbcd9856311
c938e0de-cb6b-4929-87c6-ec1fa6fb76a6,Tend Mea,Meat,Sub-Meat-1,526,337,f9f036bc-4256-4b8b-8450-0748a74f056b
a527a825-f6d3-4fc4-8876-1c3a3d7b95de,Yourself Dair,Dairy,Sub-Dairy-1,558,453,03ec3130-f542-432e-b173-f110efd69026
46678d62-8c3f-4827-a27b-f7565f4c3e61,Why Vegetable,Vegetables,Sub-Vegetables-3,875,174,78893cc3-a2c7-4c22-b6e7-0fbcd9856311
6da7bd1d-2733-4d90-a128-d06fbcfc5fec,Court Mea,Meat,Sub-Meat-3,5,455,6e056e5b-35be-402f-92b1-cbf0d84fe77a
fe5eefb3-0143-4c2f-a092-ba71d9b81198,Article Mea,Meat,Sub-Meat-3,666,29,ca8fee9b-18fd-43f9-9562-f0a35ea4f066
78877c56-7e7d-4390-9003-ba380b11c218,Wind Snack,Snacks,Sub-Snacks-3,831,498,64d0412c-213e-4681-8f6a-df940885bbf1
b1a2946f-475d-461f-9059-449bd4cc6c86,Blue Mea,Meat,Sub-Meat-3,212,426,1ebab75e-e7f7-4507-bc6b-52d5ede69681
337496d6-05aa-49e8-9603-ef5abc6b4bc5,Believe Fruit,Fruits,Sub-Fruits-1,745,326,539a4f7f-5fd4-40be-8400-0c129a728c07
68cd0831-876c-4c49-8762-b35e1488bdf9,Something Fruit,Fruits,Sub-Fruits-1,823,139,9262e0d3-87b2-4e38-8471-9e5f971e109f
4a861a2a-183f-4445-b5d6-d03c3620529d,Reveal Mea,Meat,Sub-Meat-4,708,333,6e056e5b-35be-402f-92b1-cbf0d84fe77a
142d4818-4937-426b-8e6d-db57c4c63c40,Early Baker,Bakery,Sub-Bakery-3,298,485,64ce4c68-a8b5-445e-af96-a28f1491226a
377e5882-217f-44b0-820e-ab04ae484ce5,I Mea,Meat,Sub-Meat-2,595,204,1f969d9f-ddc7-4f49-93c7-2d4b7f857576
9f052469-fc14-42fc-abea-80562c192951,Take Baker,Bakery,Sub-Bakery-3,807,487,084ee804-5238-48be-b2f8-0fc7c6c2b367
fbba7896-1020-4e80-8b5f-cb09af9e16aa,Think Mea,Meat,Sub-Meat-3,590,21,474f546f-69c0-48de-a829-afb605df84d9
8f542bab-c35f-4119-98ef-3e8e91b9e885,Series Fruit,Fruits,Sub-Fruits-3,732,105,a9a778cf-d220-4797-8489-b3cc3b6f9bf1
30431e11-c98f-4580-adf0-5dd963527717,Stop Vegetable,Vegetables,Sub-Vegetables-1,541,112,be272816-1ab3-4661-90ab-f539f3191b74
4b2b0e64-d7dd-4048-a3b8-5bf8136a70ad,Institution Fruit,Fruits,Sub-Fruits-4,334,210,a2c63bed-5e56-4a32-97e7-0f21eaa77d05
88ca78c5-db4a-498a-bfec-a8ff169ff7b0,Everybody Dair,Dairy,Sub-Dairy-4,222,397,865832da-8442-482e-b22f-ee7a863edbfe
bb4d3282-c050-4178-9d76-f6681be62641,Live Snack,Snacks,Sub-Snacks-4,447,150,a85f5f10-3487-4d8e-aa6d-a1454fdfbb5d
230b2c98-eea2-4e1e-b4b0-bb4df50ad9a2,Ten Dair,Dairy,Sub-Dairy-4,448,54,a3d57f8a-2b7e-4b57-8c46-612d630186d4
41d478e6-2798-4a05-b36f-8b12a5e3acc3,Particular Baker,Bakery,Sub-Bakery-4,208,63,64ce4c68-a8b5-445e-af96-a28f1491226a
30354d6b-b511-4120-8e62-7eb74772fb3e,Fall Snack,Snacks,Sub-Snacks-1,253,266,6e056e5b-35be-402f-92b1-cbf0d84fe77a
c474bc7d-26d7-4d73-8fb7-45745fd0a37e,Ask Baker,Bakery,Sub-Bakery-4,635,460,a85f5f10-3487-4d8e-aa6d-a1454fdfbb5d
61a38add-de28-4bc1-9641-5d06ac4668ae,Once Dair,Dairy,Sub-Dairy-2,884,92,898ca408-050f-49be-b083-00eedf4bd064
30bb25e4-84ce-45bc-b682-d5216503ae80,Clearly Fruit,Fruits,Sub-Fruits-1,160,229,b43e95ec-45a1-4d19-a51a-906f20138819
b8aced22-3877-4756-ac1e-6f078d5b8f48,Account Vegetable,Vegetables,Sub-Vegetables-4,927,266,e9e936b2-54e3-4771-aa6d-fd3d4565acd7
d1c8afc5-4c31-4c91-8dff-090c80b53a01,Old Baker,Bakery,Sub-Bakery-3,839,242,8e914c7a-a1a9-4512-89e3-3c10fbfb5ac4
6aac2b7f-1083-46d2-b058-4698223a7e2e,Rather Fruit,Fruits,Sub-Fruits-1,526,430,8eeac64e-788d-42b4-b03b-1cf3f6e29d33
0297061c-1241-4540-ac99-ac6a44fa507e,We Baker,Bakery,Sub-Bakery-4,437,146,e0ceb86c-2a85-4000-a0b7-4146a4bc51c4
71f8b529-64ac-49d9-a3f7-4bb12fd58137,Face Snack,Snacks,Sub-Snacks-1,46,87,c8e53449-26f2-4cd9-9019-b84ae1ec06c9
f8347966-ddfd-4cb1-acfa-6e41483150ba,Our Baker,Bakery,Sub-Bakery-1,489,386,a8bce84c-0b7b-4b57-8dc7-9349ec596c1d
97116bff-778f-469f-bf65-f4b40f694fe9,Mrs Vegetable,Vegetables,Sub-Vegetables-1,933,28,cdd4c0b3-6a31-4ac8-8ba9-f83d81efc70c
b3fd705d-e623-4771-bb09-df771bfbcf26,Course Mea,Meat,Sub-Meat-1,925,174,64d0412c-213e-4681-8f6a-df940885bbf1
9bb96185-938a-4341-8f91-a53b784f9a7a,Allow Mea,Meat,Sub-Meat-4,352,127,d65a7907-4f18-4315-ac4e-05d1fa6db7cf
f36e03f0-d34d-4c5e-a9d0-2b28215838fd,Nature Mea,Meat,Sub-Meat-2,83,171,cbee0816-9f68-4a9f-9b66-08ee23a87de2
51eafc2f-3b85-404c-8ecf-435501295e09,When Baker,Bakery,Sub-Bakery-4,43,57,bbe34cdb-4bdd-4307-a688-fb550e9bbc37
73ed8f50-e7e8-47d5-afb2-0dae0bc8f224,The Snack,Snacks,Sub-Snacks-1,552,411,5f6b5980-2ff5-44ae-a915-1f6623576752
20721d3e-5bc6-468e-baf2-fba124d50d41,Through Dair,Dairy,Sub-Dairy-1,747,136,084ee804-5238-48be-b2f8-0fc7c6c2b367
564daf51-5f3d-4a3f-a4e8-82d37341f474,Gas Mea,Meat,Sub-Meat-3,809,294,d36c203f-3e32-49be-903e-40a0371a9b1b
0006853b-74cb-44a2-91ed-699aa31c5b5b,Particularly Baker,Bakery,Sub-Bakery-1,205,365,1ebab75e-e7f7-4507-bc6b-52d5ede69681
ef8b3541-8616-4339-a9ce-6b65ed2b0ee2,Together Vegetable,Vegetables,Sub-Vegetables-4,600,232,75f09dc0-9a02-48a6-a750-1edbda1a2c79
7809f5c4-72a8-40e6-b484-236086c3c600,Operation Dair,Dairy,Sub-Dairy-4,432,378,ae75a587-f35c-43f4-be12-73d764f224fa
ef10ad86-ef43-4646-a379-b229e4293515,Prove Vegetable,Vegetables,Sub-Vegetables-4,280,47,3911de31-9181-493d-bdaf-a458d38230b8
a857f89a-2041-4789-aabb-1d7929230b94,Early Mea,Meat,Sub-Meat-2,136,445,cbee0816-9f68-4a9f-9b66-08ee23a87de2
3d530e85-19fb-4da4-8672-0ce13e0daa73,Five Snack,Snacks,Sub-Snacks-1,444,338,d65a7907-4f18-4315-ac4e-05d1fa6db7cf
1af2fbe8-a147-4257-a9c6-f344605f0d75,Suddenly Baker,Bakery,Sub-Bakery-1,817,121,5c220afe-7b0e-4a47-a0fc-1d0e64c3df15
436f6af2-59eb-48b7-8ceb-281ff9f5a63c,Fine Mea,Meat,Sub-Meat-4,984,464,3ded9cdb-80a7-44b2-98fe-a1603797512a
565f0a41-9c04-4079-8499-37da3582c35a,Until Dair,Dairy,Sub-Dairy-3,276,226,0626d237-4eb0-497c-9085-32379516e66e
3ebbc5de-9941-43d6-8305-e196fe8dfee8,Effect Mea,Meat,Sub-Meat-2,926,277,8e914c7a-a1a9-4512-89e3-3c10fbfb5ac4
4e0b0148-872c-4c04-a238-9d0187ad2504,Weight Baker,Bakery,Sub-Bakery-2,786,34,1974ab47-859d-47b1-99ad-f9cf600553ba
9ad80fc3-5f58-480f-9f15-d3d28731a66b,None Fruit,Fruits,Sub-Fruits-1,604,364,75f09dc0-9a02-48a6-a750-1edbda1a2c79
059541ff-a15f-4d6d-8a5b-860bbae25715,Almost Snack,Snacks,Sub-Snacks-3,517,228,9b2a54d0-cc51-4d3d-a2a0-f211e17eb60c
0ff68986-6dde-4494-bd75-88bac4160a7e,Important Fruit,Fruits,Sub-Fruits-3,492,352,75f09dc0-9a02-48a6-a750-1edbda1a2c79
1c9a5e6a-c81a-45e7-9e2a-e0e138bc77c3,Now Mea,Meat,Sub-Meat-2,802,484,1f969d9f-ddc7-4f49-93c7-2d4b7f857576
63f2ab66-accd-4958-a654-7519c5314c39,Challenge Baker,Bakery,Sub-Bakery-1,562,213,ca5fcf37-bf12-46c7-8a5c-e5e4907d44cf
4abcaf84-e7fe-4efe-89ff-365a58054e33,Example Fruit,Fruits,Sub-Fruits-2,580,260,9b2a54d0-cc51-4d3d-a2a0-f211e17eb60c
1d6e5c7d-c0a5-437b-b240-4a927041849f,Whatever Vegetable,Vegetables,Sub-Vegetables-2,385,335,dbc85300-3479-4194-9399-d87258c840e3
5ef15a39-43ca-40a5-b107-46c74ec2427f,Research Dair,Dairy,Sub-Dairy-3,728,232,bf75c003-15d6-4e96-8b9f-adf01d604523
c0c6a283-d4fd-446d-9051-03d2a0d43498,Side Fruit,Fruits,Sub-Fruits-3,963,245,ba984c84-8d78-4673-9030-759379f23f99
fe9edfbc-247b-44ab-b83c-a74894d14b3e,Policy Vegetable,Vegetables,Sub-Vegetables-1,671,203,474f546f-69c0-48de-a829-afb605df84d9
2b3faef0-ce64-475f-8e18-8249eda49f7b,Those Baker,Bakery,Sub-Bakery-2,633,158,36fed59e-2a82-4990-84b6-29f4babbc7c3
701f232b-37f0-40f6-91eb-aaf3241a81e6,Character Mea,Meat,Sub-Meat-4,619,374,8eeac64e-788d-42b4-b03b-1cf3f6e29d33
762acfac-b2f2-456e-85f0-ad697bc5b8ad,Your Vegetable,Vegetables,Sub-Vegetables-1,630,336,8eeac64e-788d-42b4-b03b-1cf3f6e29d33
0219aafa-5dbc-4d92-acd9-8a78b4158651,Enter Dair,Dairy,Sub-Dairy-3,912,266,0ad44e14-5a33-4b70-8ec7-9b121d61a0ec
7af24425-a5d0-4d26-bff5-c8066b6b2a23,Issue Fruit,Fruits,Sub-Fruits-1,794,154,d58e0a1d-6b90-4b63-bdd4-995fdabf22d8
a2473932-153a-42ba-ad1d-42ce06a2a3bd,Talk Mea,Meat,Sub-Meat-4,398,326,821b7ee6-5162-4c03-85d7-ba5f2fe8d81d
b59590c7-c1e0-47c5-a99e-eedef51e80fc,Ability Mea,Meat,Sub-Meat-2,785,271,a9079296-09e9-4021-a8f4-686545c3b187
08c1329e-6ab9-45b0-a191-f172e5b1e99f,Political Baker,Bakery,Sub-Bakery-4,520,145,36fed59e-2a82-4990-84b6-29f4babbc7c3
fda8e577-89d4-4c8a-8ab1-3b13d7c1af19,Common Vegetable,Vegetables,Sub-Vegetables-2,214,35,9b2a54d0-cc51-4d3d-a2a0-f211e17eb60c
b1cd48d2-3b21-4c9d-b831-ddd811cab983,Research Snack,Snacks,Sub-Snacks-3,621,116,f9f036bc-4256-4b8b-8450-0748a74f056b
b9d4c4b1-d499-4469-a1ae-219c9d587044,They Mea,Meat,Sub-Meat-4,560,398,a9a778cf-d220-4797-8489-b3cc3b6f9bf1
4419f509-26c0-439b-b8b9-3d73fe8fedda,Finish Mea,Meat,Sub-Meat-4,497,162,898ca408-050f-49be-b083-00eedf4bd064
5ea56bc5-5063-4d3c-838c-cd61506fa9de,Enjoy Snack,Snacks,Sub-Snacks-4,131,425,ba984c84-8d78-4673-9030-759379f23f99
9d222301-106b-4d1a-b553-d92675fcb35f,First Snack,Snacks,Sub-Snacks-3,4,379,1ebab75e-e7f7-4507-bc6b-52d5ede69681
5af7af56-f997-43cf-9012-97ad34bc9c9a,Against Dair,Dairy,Sub-Dairy-2,658,208,6105eaf8-1109-414e-98e7-96e623b2fd03
b4e911e9-1e68-4748-bea1-5ee571191136,They Dair,Dairy,Sub-Dairy-2,703,305,472dba92-b105-420b-8681-322f881cd15c
46c2e05c-1974-4783-90b9-a5b3885ce53e,Relate Snack,Snacks,Sub-Snacks-2,479,150,5c220afe-7b0e-4a47-a0fc-1d0e64c3df15
02c7c358-da33-4586-8e32-5e459b7394fc,Early Snack,Snacks,Sub-Snacks-1,967,131,474f546f-69c0-48de-a829-afb605df84d9
251aad65-afe5-40ec-add5-f9c9b549a6f0,Morning Baker,Bakery,Sub-Bakery-4,260,220,472dba92-b105-420b-8681-322f881cd15c
cf82678e-6b89-49d9-b654-7043e083726a,Expect Baker,Bakery,Sub-Bakery-4,805,396,78893cc3-a2c7-4c22-b6e7-0fbcd9856311
b30d65ec-1103-4a6f-88ca-b495ccc886bd,Time Baker,Bakery,Sub-Bakery-3,345,241,9c835e49-ca2d-4154-a075-06a41016b760
402d0741-5b94-46e8-a78b-dee6c26c1136,True Mea,Meat,Sub-Meat-2,34,377,cbee0816-9f68-4a9f-9b66-08ee23a87de2
acf1fc59-9a32-4a4e-abad-06740dc14021,Understand Vegetable,Vegetables,Sub-Vegetables-3,19,148,f9f036bc-4256-4b8b-8450-0748a74f056b
f34f6d06-fab3-4841-b311-2e853b2f4575,Center Dair,Dairy,Sub-Dairy-4,88,470,d65a7907-4f18-4315-ac4e-05d1fa6db7cf
ffae20c3-cc92-4953-a2ea-711fbe9b70e5,Option Fruit,Fruits,Sub-Fruits-3,710,290,d58e0a1d-6b90-4b63-bdd4-995fdabf22d8
bcf5cc36-0e00-47d4-ba0f-21f784b82b0f,Act Snack,Snacks,Sub-Snacks-2,852,393,0626d237-4eb0-497c-9085-32379516e66e
78afc4e8-2016-47d9-88e3-658ddd4d67fb,Age Mea,Meat,Sub-Meat-2,596,269,4670bc2c-7d71-4a16-ac0c-8ef90492c57b
a01bde5b-2c7a-4aba-9a2b-abf2c9f97751,Benefit Baker,Bakery,Sub-Bakery-2,523,338,dbc85300-3479-4194-9399-d87258c840e3
0e737dc3-f853-4269-aecf-2768af66ad54,Population Dair,Dairy,Sub-Dairy-2,908,230,75f09dc0-9a02-48a6-a750-1edbda1a2c79
9d7863e9-24aa-49b8-bebd-66f55ef57c4c,Magazine Snack,Snacks,Sub-Snacks-4,52,307,5be0ea7a-d8b9-42b0-ae31-4ccf4c8b24fa
c2f06c05-0626-4ff4-9797-1fe87a61f517,Major Dair,Dairy,Sub-Dairy-4,371,264,a9a778cf-d220-4797-8489-b3cc3b6f9bf1
0fd54576-f933-4c77-8c7e-d5d482ff2e4e,Push Snack,Snacks,Sub-Snacks-2,629,384,ddcac48b-5fda-4b1e-acbb-24043282436a
550f54f8-99fd-44ad-a642-89a49e63b694,Show Baker,Bakery,Sub-Bakery-4,101,262,865832da-8442-482e-b22f-ee7a863edbfe
7d5b7352-91b2-4384-b449-fe66f8b4bee1,Attorney Dair,Dairy,Sub-Dairy-1,702,339,03ec3130-f542-432e-b173-f110efd69026
ae4d5e32-7ccb-4daa-bb63-0030e2ae5e66,South Fruit,Fruits,Sub-Fruits-3,905,403,472dba92-b105-420b-8681-322f881cd15c
526969b1-f60a-4ccd-906a-20e8888a13ec,Character Dair,Dairy,Sub-Dairy-4,634,367,084ee804-5238-48be-b2f8-0fc7c6c2b367
d1426f37-0673-4e5d-8c9a-bb6fe2e5d819,Player Snack,Snacks,Sub-Snacks-2,405,218,b43e95ec-45a1-4d19-a51a-906f20138819
f1980b75-48d4-4693-b814-e686a79d55a8,Nothing Vegetable,Vegetables,Sub-Vegetables-3,754,30,fe029a2f-8036-4451-84c1-805dbff4227f
99164df3-0eb6-46d2-afdc-f39c41ee02e3,But Mea,Meat,Sub-Meat-4,103,192,c2e6056c-7181-42d8-ab37-a7b425c475a0
57893364-125e-4c30-82c6-ad91a0fed65b,Fall Snack,Snacks,Sub-Snacks-4,787,237,3ded9cdb-80a7-44b2-98fe-a1603797512a
c4c0d247-e25c-45ba-83c2-0cad5e38bad0,Local Vegetable,Vegetables,Sub-Vegetables-4,810,152,c0f9c773-055c-4bc1-9f03-61ed980a2ab4
0849a082-77b2-48c0-baa8-4630ae1c4edc,Song Dair,Dairy,Sub-Dairy-4,390,294,cbee0816-9f68-4a9f-9b66-08ee23a87de2
ca33935c-6a1d-49c9-9f4b-6f2de7979df0,Door Dair,Dairy,Sub-Dairy-2,812,489,5c220afe-7b0e-4a47-a0fc-1d0e64c3df15
1034fbb7-fdce-49e2-9230-98af72d7fa15,Capital Snack,Snacks,Sub-Snacks-4,620,391,158ae598-5c95-4dd7-b714-1f24332ddf9c
107f04c9-16a4-466b-a3e4-2017e0288d37,Perhaps Dair,Dairy,Sub-Dairy-4,259,134,60eec086-2aed-44c1-9cb6-d80f90601463
7440a0ac-5047-4678-9454-2164e8af1dd9,Produce Vegetable,Vegetables,Sub-Vegetables-1,785,212,295592ff-c3d9-4f67-8a99-a2e7fe57021d
e1f4d8dd-8ec4-474c-a48a-8778a9954ffc,Deal Mea,Meat,Sub-Meat-2,185,401,64d0412c-213e-4681-8f6a-df940885bbf1
af3cb2ac-3bc3-4622-a007-8992fda05ba6,Threat Dair,Dairy,Sub-Dairy-1,145,279,2eac5dc7-e37c-469c-9ed8-d435cf67e707
f021a3ab-79f8-4a70-9ac5-e794e73462fe,Inside Snack,Snacks,Sub-Snacks-3,917,394,6e056e5b-35be-402f-92b1-cbf0d84fe77a
6e29d111-c3ce-4b0b-8ad3-2553d8e1b31f,Method Fruit,Fruits,Sub-Fruits-2,130,210,75f09dc0-9a02-48a6-a750-1edbda1a2c79
63166d1c-176f-46de-bd44-f40fb55c4697,Exist Vegetable,Vegetables,Sub-Vegetables-4,716,384,36fed59e-2a82-4990-84b6-29f4babbc7c3
b1780b6f-3904-4f59-96c1-433d34db0450,Theory Fruit,Fruits,Sub-Fruits-2,376,103,b43e95ec-45a1-4d19-a51a-906f20138819
0bd75e21-572c-4943-9c5a-2108036fb08d,Challenge Snack,Snacks,Sub-Snacks-1,763,117,f47b52d0-bb5d-453f-84d3-63af8f9a040e
176d1258-486b-4c78-8af8-d6a539137aec,Analysis Dair,Dairy,Sub-Dairy-3,417,151,78893cc3-a2c7-4c22-b6e7-0fbcd9856311
da2006f5-114a-449c-b625-251a406a7b99,Why Snack,Snacks,Sub-Snacks-2,509,207,97e768fb-69b3-46df-81e3-0b249b4489b7
b60ae1a3-31d7-40df-890f-ec51b30cf38e,Interesting Vegetable,Vegetables,Sub-Vegetables-2,799,455,a1e82489-786b-45dd-a3c3-037241a80f6a
c5c80025-7ba4-4417-b997-0442b1b7a159,Memory Mea,Meat,Sub-Meat-1,893,451,03ec3130-f542-432e-b173-f110efd69026
6d7d194c-71d5-490b-8081-2832d240cdf1,Case Snack,Snacks,Sub-Snacks-2,269,469,3ded9cdb-80a7-44b2-98fe-a1603797512a
5ac10d67-2d4a-43f6-a472-062092ae814a,Than Vegetable,Vegetables,Sub-Vegetables-1,539,331,8e914c7a-a1a9-4512-89e3-3c10fbfb5ac4
b8a25bfc-ec75-42ad-8979-50581b4e4c7c,Treat Baker,Bakery,Sub-Bakery-2,591,254,96f98cf1-5411-4003-93cf-f1129f87dbd6
c6758604-a957-46c3-96da-bed51d90552e,Pay Mea,Meat,Sub-Meat-4,626,420,87354196-8cee-44e7-bc9c-95475fc4887b
0d5eb025-1830-4bc1-9783-ea5680bf774b,Fish Fruit,Fruits,Sub-Fruits-2,978,183,311c2fef-74da-40db-9379-02ffbc7649c5
2ed9116b-9b34-4db4-b81d-47d88ac4f180,Control Snack,Snacks,Sub-Snacks-3,193,36,d58e0a1d-6b90-4b63-bdd4-995fdabf22d8
06f25d10-d589-4647-ba6e-3b405177e73e,During Vegetable,Vegetables,Sub-Vegetables-4,3,329,abe5c0e3-ffdc-4cd5-9cfc-3977a32e958d
78b2d049-d84b-4974-8b4b-19f6cebbb290,Even Fruit,Fruits,Sub-Fruits-3,428,324,865832da-8442-482e-b22f-ee7a863edbfe
2d7ae403-9aca-474f-a165-d3c9116b22df,Control Snack,Snacks,Sub-Snacks-3,664,148,325d3442-638c-423b-961a-852f38f24244
e3ae8558-19e4-4d01-959d-2f46e485bded,Sit Snack,Snacks,Sub-Snacks-1,494,147,64ce4c68-a8b5-445e-af96-a28f1491226a
a7dba5ad-1d75-44da-b049-86fe5266ac10,Quite Snack,Snacks,Sub-Snacks-4,635,148,ef56d169-c6a6-4c63-89e4-89c7e5f86a13
fd35b4cc-4bf6-4862-a58e-d16473007d77,Threat Mea,Meat,Sub-Meat-4,939,240,e9e936b2-54e3-4771-aa6d-fd3d4565acd7
709df9b9-618c-4e03-8849-411c3b828ec6,Data Fruit,Fruits,Sub-Fruits-2,200,276,96f98cf1-5411-4003-93cf-f1129f87dbd6
c82914d0-4c8c-41b9-812b-9a69c3fb397c,Local Fruit,Fruits,Sub-Fruits-2,89,421,9262e0d3-87b2-4e38-8471-9e5f971e109f
31c87c20-89da-459e-b870-b337d371c307,Land Mea,Meat,Sub-Meat-2,320,364,a3d57f8a-2b7e-4b57-8c46-612d630186d4
8aba364b-ddfa-4752-9fb9-c4498728919a,Field Fruit,Fruits,Sub-Fruits-3,2,436,87354196-8cee-44e7-bc9c-95475fc4887b
6949ad52-c4d9-4562-9323-69aef7b63255,Blue Mea,Meat,Sub-Meat-1,349,224,a1e82489-786b-45dd-a3c3-037241a80f6a
a5d072e5-100d-4153-9a09-49d591aef920,Themselves Snack,Snacks,Sub-Snacks-3,20,472,8eeac64e-788d-42b4-b03b-1cf3f6e29d33
f8aa9098-747a-4324-b769-501d0f614286,Successful Dair,Dairy,Sub-Dairy-3,178,347,539a4f7f-5fd4-40be-8400-0c129a728c07
8b0c3dc2-ab3c-498a-9036-a2e3a531fce2,Law Dair,Dairy,Sub-Dairy-1,226,101,d58e0a1d-6b90-4b63-bdd4-995fdabf22d8
1583c6e6-22d0-4517-8b33-0429634de12c,Start Mea,Meat,Sub-Meat-4,386,11,f47b52d0-bb5d-453f-84d3-63af8f9a040e
800dde56-071e-4e60-b713-a10fcbecfd16,Simple Baker,Bakery,Sub-Bakery-3,312,196,f9f036bc-4256-4b8b-8450-0748a74f056b
ddd1be86-d3d8-4773-a0d8-66de901f7d85,Ball Dair,Dairy,Sub-Dairy-4,471,136,24a750e4-88c7-4e76-8125-5cb510c220e8
290d2f8c-f92a-451a-b9c9-bff2c259a987,Hospital Dair,Dairy,Sub-Dairy-2,836,139,4670bc2c-7d71-4a16-ac0c-8ef90492c57b
9c85d0e7-277d-4ed1-ba08-08b838ec0a48,Address Fruit,Fruits,Sub-Fruits-4,279,293,87354196-8cee-44e7-bc9c-95475fc4887b
d0ea39b6-0645-4bb3-b162-d7d9ca0f92bd,Lose Vegetable,Vegetables,Sub-Vegetables-4,210,50,605463ce-5386-49fe-a96a-48e5d1ae199f
7ce25ace-94fb-4b67-9b2d-2622c7c33d12,Way Vegetable,Vegetables,Sub-Vegetables-2,894,386,821b7ee6-5162-4c03-85d7-ba5f2fe8d81d
8999e81f-280f-414f-9223-6d330baea513,Leave Baker,Bakery,Sub-Bakery-3,360,51,6fe73b62-d844-47ae-8632-99ebe7afe93a
d840de5c-31c2-41c9-bcde-10e84ea852a7,Big Baker,Bakery,Sub-Bakery-3,476,289,474f546f-69c0-48de-a829-afb605df84d9
5e12bbaf-c213-485a-9d68-a9c8ee949bee,Buy Dair,Dairy,Sub-Dairy-4,614,37,a76ab021-15de-49ec-88e9-011036d04f26
0b42e5af-2113-4356-9ec8-60087b32f3cd,Mission Snack,Snacks,Sub-Snacks-1,183,264,9739e139-664d-478d-a30a-b5902d024371
ad81aa1e-b1d6-4bc9-9c2e-64554301f613,Beautiful Fruit,Fruits,Sub-Fruits-2,137,271,821b7ee6-5162-4c03-85d7-ba5f2fe8d81d
b5fb1a79-f64e-42af-8148-888895e330e0,Person Mea,Meat,Sub-Meat-3,925,301,7a35d062-7ae9-425f-8e83-0c80c5e0c16c
68a35959-4a8d-4b15-b9d1-728acfd859b2,Style Dair,Dairy,Sub-Dairy-1,675,384,e0ceb86c-2a85-4000-a0b7-4146a4bc51c4
85145165-ad72-4f20-9b7d-794e6965dd89,Position Vegetable,Vegetables,Sub-Vegetables-4,891,164,cdd4c0b3-6a31-4ac8-8ba9-f83d81efc70c
3f8e9db8-40c4-4a3e-8232-8421957a2692,Keep Fruit,Fruits,Sub-Fruits-4,247,10,e6b7c1da-1169-4ef1-93b3-b12f39d42da2
7734fc07-a089-496c-9994-0a34a0c5d46d,Officer Mea,Meat,Sub-Meat-2,648,49,311c2fef-74da-40db-9379-02ffbc7649c5
bd5f58e3-1f60-4e36-b750-c6d373f4988c,Consumer Vegetable,Vegetables,Sub-Vegetables-3,455,25,e9e936b2-54e3-4771-aa6d-fd3d4565acd7
95e07907-f021-41d7-983e-c72e96ed62e0,Create Snack,Snacks,Sub-Snacks-4,150,490,60eec086-2aed-44c1-9cb6-d80f90601463
1d05dff4-c0ec-46f9-9ad6-0bf8476d0032,Yeah Dair,Dairy,Sub-Dairy-3,109,59,a9079296-09e9-4021-a8f4-686545c3b187
1d0f20d7-1e8e-4087-83fe-854d19bd5689,Since Vegetable,Vegetables,Sub-Vegetables-2,16,306,a3d57f8a-2b7e-4b57-8c46-612d630186d4
3812a751-a562-4541-a5b6-afa280950edd,Big Mea,Meat,Sub-Meat-1,803,335,87354196-8cee-44e7-bc9c-95475fc4887b
133dd774-ce8e-428f-a145-7d5ede33c199,Blue Fruit,Fruits,Sub-Fruits-2,8,210,5c220afe-7b0e-4a47-a0fc-1d0e64c3df15
a17f0521-7383-4f63-9620-f935acdec4e7,Expert Baker,Bakery,Sub-Bakery-3,107,487,472dba92-b105-420b-8681-322f881cd15c
2e7be076-9d2c-4f41-8785-0664e6bfdc37,Special Baker,Bakery,Sub-Bakery-3,357,162,6fe73b62-d844-47ae-8632-99ebe7afe93a
67908e23-d178-464f-bea9-0e974b08f8cf,Take Fruit,Fruits,Sub-Fruits-2,738,84,3ded9cdb-80a7-44b2-98fe-a1603797512a
8ee217fe-c1f6-4ca5-82e0-86647612f2c9,Occur Vegetable,Vegetables,Sub-Vegetables-1,525,249,b7e05134-0d7f-4c08-8595-e4f6d4d5f2b0
2f8aa6ee-ad7b-4e4a-b300-f4a35647665d,Long Baker,Bakery,Sub-Bakery-1,915,50,898ca408-050f-49be-b083-00eedf4bd064
fa0e98d1-bda5-4cfc-9079-6de353b52632,Manage Snack,Snacks,Sub-Snacks-3,466,351,d36c203f-3e32-49be-903e-40a0371a9b1b
ac41b97c-e7b7-4b05-a1e7-c06cc3d6f832,Strong Dair,Dairy,Sub-Dairy-4,846,191,24a750e4-88c7-4e76-8125-5cb510c220e8
eb9ce5ad-14c3-4786-aa1d-527216e10e3d,And Mea,Meat,Sub-Meat-3,593,122,084ee804-5238-48be-b2f8-0fc7c6c2b367
0cf943d7-9207-434c-ae3e-f4b305b90e6e,Claim Fruit,Fruits,Sub-Fruits-2,655,467,64d0412c-213e-4681-8f6a-df940885bbf1
1c281ebd-833e-4a68-ab7f-4ce1912d78bc,Sell Fruit,Fruits,Sub-Fruits-4,152,29,1d39588b-0de9-415f-b039-141d5f6e16e6
20c63bc1-3c23-410f-ac03-4edf5af4704c,Popular Fruit,Fruits,Sub-Fruits-1,84,106,a494b24c-1481-4a30-a7e0-42f3ef211c68
e705f284-1826-4fd0-a22e-51e710ed0cf6,Nation Dair,Dairy,Sub-Dairy-3,175,184,b0a67ecb-dfef-4a64-8913-580617b06e53
f817c097-4643-4880-8f0f-6e6d336392b7,National Dair,Dairy,Sub-Dairy-3,339,18,64ce4c68-a8b5-445e-af96-a28f1491226a
8bafab49-f89e-4668-8c76-518348c74078,Majority Fruit,Fruits,Sub-Fruits-2,516,484,737a3c46-e9d3-46c8-93f0-bce52be88056
92e3866b-ae8d-4d5d-8cc9-c3bb47455ca2,Eat Vegetable,Vegetables,Sub-Vegetables-4,303,297,1f969d9f-ddc7-4f49-93c7-2d4b7f857576
7103476e-3e51-4a94-a0a7-7b108140d577,Market Vegetable,Vegetables,Sub-Vegetables-4,544,131,1974ab47-859d-47b1-99ad-f9cf600553ba
0c41f0cc-98c8-4251-9efc-09eaa45b771b,Card Fruit,Fruits,Sub-Fruits-4,515,209,ca8fee9b-18fd-43f9-9562-f0a35ea4f066
80ef3b8b-7c57-4a42-8b90-39166c8b8af6,Through Vegetable,Vegetables,Sub-Vegetables-1,155,297,6105eaf8-1109-414e-98e7-96e623b2fd03
04d0f4ba-ccde-47d9-b846-ad470b5048fc,Choose Snack,Snacks,Sub-Snacks-1,575,114,1db43393-a58b-4895-b286-d07dadf6bbea
2827710f-0130-4156-8d19-6b3a3cfbbf98,Run Vegetable,Vegetables,Sub-Vegetables-4,570,415,ca8fee9b-18fd-43f9-9562-f0a35ea4f066
574d9b9b-794c-40c9-a892-462dc6c4b106,Above Mea,Meat,Sub-Meat-1,611,382,97e768fb-69b3-46df-81e3-0b249b4489b7
e3c8ae5b-97c4-4dc8-83be-814f981d3250,Process Snack,Snacks,Sub-Snacks-2,197,72,9c835e49-ca2d-4154-a075-06a41016b760
af0e439e-6531-4e5a-9e59-3282652551cb,Of Fruit,Fruits,Sub-Fruits-4,971,203,6fe73b62-d844-47ae-8632-99ebe7afe93a
9ab96d8c-d587-482f-8ff5-4417705fb184,Second Vegetable,Vegetables,Sub-Vegetables-1,58,365,474f546f-69c0-48de-a829-afb605df84d9
83ba046e-21b2-4567-a174-d6258471e18c,Let Dair,Dairy,Sub-Dairy-1,390,290,8e914c7a-a1a9-4512-89e3-3c10fbfb5ac4
c6e0b3f3-303f-49e2-9062-7fc4e1750389,American Snack,Snacks,Sub-Snacks-2,977,27,bf75c003-15d6-4e96-8b9f-adf01d604523
1759be76-c642-4525-b04d-075e4163c79e,Wife Fruit,Fruits,Sub-Fruits-1,830,231,a9079296-09e9-4021-a8f4-686545c3b187
6bb9b083-9a81-4186-b5db-78b1c0b31e49,Kid Mea,Meat,Sub-Meat-2,763,80,78dc74b5-f07f-4c4f-b68b-f753946c4169
11c83d33-0898-4711-84f5-0da2e020c8c5,Available Snack,Snacks,Sub-Snacks-3,10,261,b43e95ec-45a1-4d19-a51a-906f20138819
6d26d138-47e1-4082-a20f-8ea8424ac57e,Society Vegetable,Vegetables,Sub-Vegetables-1,164,252,472dba92-b105-420b-8681-322f881cd15c
bdb11574-4243-45f0-9cf3-cc4e9273e460,Structure Mea,Meat,Sub-Meat-3,310,237,3911de31-9181-493d-bdaf-a458d38230b8
ba645ca9-070f-4db7-b4b9-24cc874b9316,At Vegetable,Vegetables,Sub-Vegetables-2,407,275,ba984c84-8d78-4673-9030-759379f23f99
b64c2266-07d2-4d44-a22d-35d06cc9c970,Create Mea,Meat,Sub-Meat-1,241,140,5f6b5980-2ff5-44ae-a915-1f6623576752
064d30f7-40a7-4059-b207-a31372b5d549,Arrive Fruit,Fruits,Sub-Fruits-3,887,32,3911de31-9181-493d-bdaf-a458d38230b8
5c35ca05-42a5-40d5-ab2e-4db74bc0e369,Network Mea,Meat,Sub-Meat-4,340,445,5405a029-3e39-4d8f-911f-7ca0f8ed0467
bacf2057-112c-4c2d-844e-24f76c95900f,Nothing Snack,Snacks,Sub-Snacks-2,669,293,652287da-0696-43e7-b68f-b5abd2217972
2ddc2db8-9eef-4622-8860-c9771dbcc6d9,Interview Dair,Dairy,Sub-Dairy-1,580,284,605463ce-5386-49fe-a96a-48e5d1ae199f
6e5731fa-bbfe-4885-b07e-576a18555708,Gas Snack,Snacks,Sub-Snacks-3,72,160,e6b7c1da-1169-4ef1-93b3-b12f39d42da2
f6f8e008-7677-4755-8030-a8227ae3e7ea,Reflect Baker,Bakery,Sub-Bakery-4,945,230,0ad44e14-5a33-4b70-8ec7-9b121d61a0ec
2391ab4e-9e41-4a92-b97e-85584fc15d45,Environment Mea,Meat,Sub-Meat-4,42,341,6105eaf8-1109-414e-98e7-96e623b2fd03
e21c411d-0adc-46d8-a262-58ed85b65298,Process Baker,Bakery,Sub-Bakery-3,40,265,a494b24c-1481-4a30-a7e0-42f3ef211c68
35daff36-23db-43b5-9b65-3d78ec8e467a,Subject Snack,Snacks,Sub-Snacks-2,946,381,a9a778cf-d220-4797-8489-b3cc3b6f9bf1
7fcd3144-18c8-490b-bb78-c32e87776e8e,Onto Mea,Meat,Sub-Meat-3,597,57,ddcac48b-5fda-4b1e-acbb-24043282436a
bbb7b4eb-0e4b-42f6-b02e-ce03d3924454,Always Snack,Snacks,Sub-Snacks-4,937,190,cdd4c0b3-6a31-4ac8-8ba9-f83d81efc70c
63b5f8f4-6e55-42ad-98d4-bd6c3785d184,Sing Fruit,Fruits,Sub-Fruits-1,320,364,d36c203f-3e32-49be-903e-40a0371a9b1b
dc685ac6-2c31-46a4-a684-c536da80ebf2,Movie Dair,Dairy,Sub-Dairy-1,773,174,96f98cf1-5411-4003-93cf-f1129f87dbd6
885ba786-3553-43bd-9fc1-da76732c9a20,Better Dair,Dairy,Sub-Dairy-4,545,376,87354196-8cee-44e7-bc9c-95475fc4887b
2e5e934b-06ba-4a6c-8fab-c550f50ce889,Sister Dair,Dairy,Sub-Dairy-2,54,248,a8bce84c-0b7b-4b57-8dc7-9349ec596c1d
2a2948a4-1d57-4068-8844-f1c8b41f1699,Find Mea,Meat,Sub-Meat-3,251,348,a76ab021-15de-49ec-88e9-011036d04f26
6cc23125-9cfe-492d-a896-a5e9b52ca05f,Beyond Dair,Dairy,Sub-Dairy-4,726,117,821b7ee6-5162-4c03-85d7-ba5f2fe8d81d
712f7bc1-3dca-4f98-8f18-bf78e260f36e,Board Fruit,Fruits,Sub-Fruits-1,936,373,b0a67ecb-dfef-4a64-8913-580617b06e53
55a3d70a-c3c4-4a51-af63-ca3cc04eb799,Occur Fruit,Fruits,Sub-Fruits-2,129,285,0d6cbb0e-e585-46c3-8115-9a0d3128ae3f
dd42d103-2027-47b5-a24b-da44dbe94f77,Seem Snack,Snacks,Sub-Snacks-2,623,270,f9f036bc-4256-4b8b-8450-0748a74f056b
ac15984c-0c62-4a3f-859d-3af51148b9e7,Your Baker,Bakery,Sub-Bakery-4,231,365,a3d57f8a-2b7e-4b57-8c46-612d630186d4
37e9314d-3051-4848-aad9-acba1d43ac76,Stuff Vegetable,Vegetables,Sub-Vegetables-3,570,415,78893cc3-a2c7-4c22-b6e7-0fbcd9856311
f01c510c-a8f9-4706-8e27-cc0f225a454a,Total Mea,Meat,Sub-Meat-3,426,156,ddcac48b-5fda-4b1e-acbb-24043282436a
a90edd34-a516-4117-ad2c-b896f578f3e4,Body Vegetable,Vegetables,Sub-Vegetables-4,482,92,9262e0d3-87b2-4e38-8471-9e5f971e109f
9e00b8a8-e88a-4fd1-b5fc-eb6b3fec64b9,Even Vegetable,Vegetables,Sub-Vegetables-4,184,290,03ec3130-f542-432e-b173-f110efd69026
c451421b-af94-4ff5-8cbb-f2b436641ea4,Over Vegetable,Vegetables,Sub-Vegetables-4,67,164,295592ff-c3d9-4f67-8a99-a2e7fe57021d
97c6b34d-f70c-45f8-b0e8-578278e7ddd4,Never Vegetable,Vegetables,Sub-Vegetables-2,824,378,3ded9cdb-80a7-44b2-98fe-a1603797512a
8996bb0d-2bfb-4f29-b033-9d96cb59a60a,Prevent Vegetable,Vegetables,Sub-Vegetables-3,396,322,c8e53449-26f2-4cd9-9019-b84ae1ec06c9
0e57a07e-2df4-4bbe-94b4-96e5893a657a,Cause Vegetable,Vegetables,Sub-Vegetables-3,654,168,17f96d5d-46c5-4c63-a268-85a282e04400
04c600c0-b84f-4de8-a71e-205528c610eb,Word Fruit,Fruits,Sub-Fruits-4,310,295,21466ba5-3fb8-4bb0-a34d-8bf42ce8be02
3dd4e65d-bb45-44e6-9ed5-0ec5d496b20f,Loss Fruit,Fruits,Sub-Fruits-2,122,478,50c5790b-3d04-484f-847e-2c45606528c0
ab15db7b-7776-4d2b-89c7-e01275014318,Half Fruit,Fruits,Sub-Fruits-1,368,211,8e914c7a-a1a9-4512-89e3-3c10fbfb5ac4
233e2b6e-b9a0-472a-8b66-3a023d4fd117,Economic Mea,Meat,Sub-Meat-3,406,51,a1e82489-786b-45dd-a3c3-037241a80f6a
2443e818-33af-4450-bab6-7caccd87e424,Stand Vegetable,Vegetables,Sub-Vegetables-4,732,63,652287da-0696-43e7-b68f-b5abd2217972
5a58fa60-f366-4aee-81ad-68da6c7ec2df,Center Fruit,Fruits,Sub-Fruits-4,252,366,d58e0a1d-6b90-4b63-bdd4-995fdabf22d8
4aad519e-3879-43e0-b473-c74f56e0ed9c,Thousand Dair,Dairy,Sub-Dairy-2,319,409,652287da-0696-43e7-b68f-b5abd2217972
4d29cd55-ec12-4721-a814-041968b76d1f,Feel Dair,Dairy,Sub-Dairy-2,206,101,b0a67ecb-dfef-4a64-8913-580617b06e53
690b2ad1-5c12-4559-80c5-0ec585e9b801,Military Mea,Meat,Sub-Meat-2,428,387,e6b7c1da-1169-4ef1-93b3-b12f39d42da2
5cd17c82-23ac-46a7-82b6-10623d68e88c,Material Fruit,Fruits,Sub-Fruits-1,286,100,21466ba5-3fb8-4bb0-a34d-8bf42ce8be02
227f5964-63b2-4923-9a65-73ac9e7e8b39,Fish Dair,Dairy,Sub-Dairy-1,379,380,821b7ee6-5162-4c03-85d7-ba5f2fe8d81d
61d584f1-bd68-4eee-b226-9a8c0637e057,Suffer Mea,Meat,Sub-Meat-4,42,438,9b2a54d0-cc51-4d3d-a2a0-f211e17eb60c
7dd6f379-87f8-4762-816d-57f130588ba7,War Dair,Dairy,Sub-Dairy-4,189,253,311c2fef-74da-40db-9379-02ffbc7649c5
5b0e744c-d356-4b3c-8938-ab78665e8e0e,Side Mea,Meat,Sub-Meat-2,611,135,0d6cbb0e-e585-46c3-8115-9a0d3128ae3f
404cb633-025f-43d6-a87b-6616fe1d71e1,Black Vegetable,Vegetables,Sub-Vegetables-3,962,319,821b7ee6-5162-4c03-85d7-ba5f2fe8d81d
65f6c464-8fff-43af-866c-f1d7ae8503e7,Idea Baker,Bakery,Sub-Bakery-2,989,440,9739e139-664d-478d-a30a-b5902d024371
a4048a9a-9136-437f-a2d4-d85c88388639,Close Dair,Dairy,Sub-Dairy-1,829,442,c8e53449-26f2-4cd9-9019-b84ae1ec06c9
e2057a75-eeed-4efc-909f-e1855be1a8fb,Fine Snack,Snacks,Sub-Snacks-2,470,167,3ded9cdb-80a7-44b2-98fe-a1603797512a
08a52da1-35f5-405d-bee7-24451b97f3af,Whose Baker,Bakery,Sub-Bakery-2,885,285,78893cc3-a2c7-4c22-b6e7-0fbcd9856311
885baf54-a6e2-420c-b70c-dd86db95565f,Life Baker,Bakery,Sub-Bakery-4,91,208,e9e936b2-54e3-4771-aa6d-fd3d4565acd7
42087bf5-9548-4896-b17a-f587d3754123,Could Baker,Bakery,Sub-Bakery-3,198,44,d58e0a1d-6b90-4b63-bdd4-995fdabf22d8
7319949a-95d6-4a41-aff1-cbb1599644ea,Do Dair,Dairy,Sub-Dairy-1,199,248,311c2fef-74da-40db-9379-02ffbc7649c5
53a9f101-f661-4ac5-beeb-ebf03b07b81d,Oil Vegetable,Vegetables,Sub-Vegetables-2,992,336,a85f5f10-3487-4d8e-aa6d-a1454fdfbb5d
b2084620-94cb-48f5-920f-4038d927cbee,Similar Mea,Meat,Sub-Meat-3,169,444,e6b7c1da-1169-4ef1-93b3-b12f39d42da2
b3d48bcc-2bbb-4c81-a96f-56c93889edaa,Pull Fruit,Fruits,Sub-Fruits-2,548,386,1ebab75e-e7f7-4507-bc6b-52d5ede69681
1d700629-0036-4e88-bf95-3d5bcbd3457a,Message Snack,Snacks,Sub-Snacks-1,613,69,0d3f07e6-1f78-42a5-bd75-222b54081020
cb744139-37d3-4e1b-a04e-2973c4868ccd,Various Mea,Meat,Sub-Meat-3,105,450,0626d237-4eb0-497c-9085-32379516e66e
c78f85e7-2858-491d-affe-321a5c7eda7e,Way Baker,Bakery,Sub-Bakery-3,685,352,472dba92-b105-420b-8681-322f881cd15c
c3bce55b-643e-4259-9011-f4d520cf29da,Go Baker,Bakery,Sub-Bakery-1,935,240,b0a67ecb-dfef-4a64-8913-580617b06e53
258c35a5-97cd-4813-895c-d0cf37509c2b,Skin Baker,Bakery,Sub-Bakery-2,811,365,50c5790b-3d04-484f-847e-2c45606528c0
9b29140e-246a-47aa-af80-f6b80b3fca47,Society Fruit,Fruits,Sub-Fruits-4,400,99,cdd4c0b3-6a31-4ac8-8ba9-f83d81efc70c
227a27e8-1737-45e6-a532-dc56eff6ef0f,Truth Baker,Bakery,Sub-Bakery-3,466,30,898ca408-050f-49be-b083-00eedf4bd064
a0f2498d-9e62-4ac0-806a-bdcc11c342ab,Week Snack,Snacks,Sub-Snacks-2,149,201,96f98cf1-5411-4003-93cf-f1129f87dbd6
0ae6c948-b083-477e-aaf3-08c17db23116,Believe Baker,Bakery,Sub-Bakery-2,334,190,ca5fcf37-bf12-46c7-8a5c-e5e4907d44cf
f936c999-bcfd-48fa-a24d-5a684e0e1a22,Better Fruit,Fruits,Sub-Fruits-1,841,456,4eae7c1c-d76c-40fb-ab00-514ca49fded9
6a0182af-8efc-46e7-a54b-bbca1aabedc8,System Snack,Snacks,Sub-Snacks-1,633,95,a3d57f8a-2b7e-4b57-8c46-612d630186d4
f00bcbec-2092-4844-879c-7e8ea52f56f6,Skin Baker,Bakery,Sub-Bakery-4,667,390,60eec086-2aed-44c1-9cb6-d80f90601463
112f6c70-68af-4ca7-8b08-7176d24b36c7,Either Snack,Snacks,Sub-Snacks-3,784,259,3911de31-9181-493d-bdaf-a458d38230b8
a52d2ad2-d02c-4411-bcd2-d174a7195f47,Election Dair,Dairy,Sub-Dairy-1,264,475,78893cc3-a2c7-4c22-b6e7-0fbcd9856311
d65452ca-8082-4aee-bb69-ac3f9a1dc548,Keep Mea,Meat,Sub-Meat-2,458,420,c8e53449-26f2-4cd9-9019-b84ae1ec06c9
12a1012e-fcf7-4613-a726-c63e18303b48,Study Snack,Snacks,Sub-Snacks-1,2,293,3d614049-2038-40f5-808e-7d868545e10f
e647997b-e370-4628-940f-c61653c00b88,Design Vegetable,Vegetables,Sub-Vegetables-2,246,430,652287da-0696-43e7-b68f-b5abd2217972
83efd3f3-2bcc-4029-a4dd-e8fd973098e6,Can Mea,Meat,Sub-Meat-1,948,67,97e768fb-69b3-46df-81e3-0b249b4489b7
74fce1cb-0f63-4934-a2e0-086de9919b6f,Part Snack,Snacks,Sub-Snacks-1,155,65,a9079296-09e9-4021-a8f4-686545c3b187
66cdd338-708b-483e-bc47-1f7e6bda7058,Service Fruit,Fruits,Sub-Fruits-1,342,286,539a4f7f-5fd4-40be-8400-0c129a728c07
5ce45c56-c737-49fa-9208-907f845076be,Size Vegetable,Vegetables,Sub-Vegetables-4,889,26,ba984c84-8d78-4673-9030-759379f23f99
705ceb3e-4078-4a06-ac8a-8ef6f028c060,Agent Vegetable,Vegetables,Sub-Vegetables-4,938,21,d36c203f-3e32-49be-903e-40a0371a9b1b
4aed6c75-60a6-4200-8b6d-a2eb325d4086,History Dair,Dairy,Sub-Dairy-4,173,413,dbc85300-3479-4194-9399-d87258c840e3
f3948428-931b-4921-b0a1-8bf1288c4360,Community Vegetable,Vegetables,Sub-Vegetables-3,607,480,78893cc3-a2c7-4c22-b6e7-0fbcd9856311
a0d5c1fd-a233-49bd-8172-881ad9d3cfce,Plant Fruit,Fruits,Sub-Fruits-2,880,187,e0ceb86c-2a85-4000-a0b7-4146a4bc51c4
50bac77f-51ab-478d-bd69-f18ea73a805f,Development Baker,Bakery,Sub-Bakery-2,121,99,c0f9c773-055c-4bc1-9f03-61ed980a2ab4
5e10e2db-4dad-4c6b-9967-d8497939a268,Better Fruit,Fruits,Sub-Fruits-4,67,310,084ee804-5238-48be-b2f8-0fc7c6c2b367
b5049328-0663-442c-ad61-0dc2a762e897,Tree Snack,Snacks,Sub-Snacks-3,549,459,cbee0816-9f68-4a9f-9b66-08ee23a87de2
e0fbcaff-836e-4bfe-8215-c42d9c5c65d7,Buy Fruit,Fruits,Sub-Fruits-4,277,202,e6b7c1da-1169-4ef1-93b3-b12f39d42da2
f0f8fa16-6143-4873-9c42-0d01ca73c906,Company Dair,Dairy,Sub-Dairy-1,979,435,1d39588b-0de9-415f-b039-141d5f6e16e6
3aa9d5cb-d9c1-4249-888d-73323654440e,Example Baker,Bakery,Sub-Bakery-1,553,309,36fed59e-2a82-4990-84b6-29f4babbc7c3
96883790-8b93-4f98-881a-0734e987a987,Knowledge Baker,Bakery,Sub-Bakery-4,276,382,311c2fef-74da-40db-9379-02ffbc7649c5
b4e02bd6-bab2-4ba2-a5b5-044768eee8c0,Adult Vegetable,Vegetables,Sub-Vegetables-2,805,81,96f98cf1-5411-4003-93cf-f1129f87dbd6
f99fb6d2-3e77-40fa-8252-daa45b49524e,Wind Mea,Meat,Sub-Meat-4,6,334,abe5c0e3-ffdc-4cd5-9cfc-3977a32e958d
bbe2f72f-05b3-4281-b08e-03b296169fc2,Resource Snack,Snacks,Sub-Snacks-4,748,93,ca5fcf37-bf12-46c7-8a5c-e5e4907d44cf
ecbc6c50-6f5f-44a0-a3c7-68d7af616dd8,Produce Vegetable,Vegetables,Sub-Vegetables-1,193,247,a494b24c-1481-4a30-a7e0-42f3ef211c68
9a01f67e-59a6-41de-9269-af1f80530072,Window Vegetable,Vegetables,Sub-Vegetables-2,679,182,d65a7907-4f18-4315-ac4e-05d1fa6db7cf
5f90a50d-4166-4e43-9da3-2f06b02a29fd,Whatever Fruit,Fruits,Sub-Fruits-1,60,81,084ee804-5238-48be-b2f8-0fc7c6c2b367
a58bfa40-e405-4f8f-946d-4082db68da8f,Author Baker,Bakery,Sub-Bakery-1,387,116,539a4f7f-5fd4-40be-8400-0c129a728c07
a2348479-f86b-4bcc-8b81-179cd722c6f2,Can Dair,Dairy,Sub-Dairy-2,62,468,1d39588b-0de9-415f-b039-141d5f6e16e6
980eb7e1-d93f-4f5c-af94-07dafca5abac,Most Fruit,Fruits,Sub-Fruits-2,684,463,d58e0a1d-6b90-4b63-bdd4-995fdabf22d8
d8ce4513-2a05-4e39-bd66-30523863d3d4,Music Mea,Meat,Sub-Meat-3,976,145,cdd4c0b3-6a31-4ac8-8ba9-f83d81efc70c
e04c5c09-cd08-46d0-b44b-49bc4bcb528c,Help Mea,Meat,Sub-Meat-4,835,29,6fe73b62-d844-47ae-8632-99ebe7afe93a
6a446279-dcc0-47c3-a274-d4bc9efc951b,Green Snack,Snacks,Sub-Snacks-1,512,384,158ae598-5c95-4dd7-b714-1f24332ddf9c
1234dbb1-06dd-4c19-b5cd-8ffa63799064,Yard Vegetable,Vegetables,Sub-Vegetables-1,613,40,e0ceb86c-2a85-4000-a0b7-4146a4bc51c4
1d448b67-ae57-4533-a557-b80089e9927b,Report Fruit,Fruits,Sub-Fruits-1,641,71,311c2fef-74da-40db-9379-02ffbc7649c5
fcb4f1cd-814f-4e80-9b45-ace36c9fe4ab,Present Mea,Meat,Sub-Meat-3,245,267,a8bce84c-0b7b-4b57-8dc7-9349ec596c1d
e7578a1a-dff1-4275-b5a0-349a6f4d9b65,Course Snack,Snacks,Sub-Snacks-1,115,310,0626d237-4eb0-497c-9085-32379516e66e
b8558498-0113-44a1-a4ec-ee970c445ef7,Individual Snack,Snacks,Sub-Snacks-3,972,427,084ee804-5238-48be-b2f8-0fc7c6c2b367
dd10a4a8-e47f-4f6e-b9eb-27e63a21e236,Section Vegetable,Vegetables,Sub-Vegetables-3,434,16,a3d57f8a-2b7e-4b57-8c46-612d630186d4
d618a957-c09d-4521-9397-cb77f22716e0,Off Fruit,Fruits,Sub-Fruits-2,834,160,a76ab021-15de-49ec-88e9-011036d04f26
62c08c59-61aa-4134-a546-248baf8489dc,Early Fruit,Fruits,Sub-Fruits-1,257,45,5c220afe-7b0e-4a47-a0fc-1d0e64c3df15
f86a3fa0-8266-4b20-ba2a-ed477fca5dee,Final Baker,Bakery,Sub-Bakery-2,774,243,605463ce-5386-49fe-a96a-48e5d1ae199f
c87bec59-4106-4fa2-b666-9eede116a80b,Including Dair,Dairy,Sub-Dairy-2,958,416,3ded9cdb-80a7-44b2-98fe-a1603797512a
22bdddce-3fb4-4269-a22b-7bab296a766e,Later Baker,Bakery,Sub-Bakery-4,858,340,cbee0816-9f68-4a9f-9b66-08ee23a87de2
855a6964-4ca5-4696-905f-014abe1dc14c,Dark Fruit,Fruits,Sub-Fruits-3,257,396,1ebab75e-e7f7-4507-bc6b-52d5ede69681
1dbc4abf-fe1f-44f1-be35-d63dd56e8261,Yet Snack,Snacks,Sub-Snacks-2,537,289,78893cc3-a2c7-4c22-b6e7-0fbcd9856311
b75932b6-d9a8-48cc-adc0-7f30c6fc1b50,Able Mea,Meat,Sub-Meat-2,241,425,bbe34cdb-4bdd-4307-a688-fb550e9bbc37
a56657aa-5438-46cd-9192-b1b0ef727b7a,Body Vegetable,Vegetables,Sub-Vegetables-3,717,313,158ae598-5c95-4dd7-b714-1f24332ddf9c
d0231324-5b43-477e-94ee-b2799bffbccb,Pressure Snack,Snacks,Sub-Snacks-2,744,104,abe5c0e3-ffdc-4cd5-9cfc-3977a32e958d
4e05a563-b887-48d1-b7ea-8a884851b047,Section Dair,Dairy,Sub-Dairy-4,51,10,6105eaf8-1109-414e-98e7-96e623b2fd03
27eb6a89-cdf0-4e58-bab1-3dc13f6ab071,Politics Dair,Dairy,Sub-Dairy-4,479,378,0d6cbb0e-e585-46c3-8115-9a0d3128ae3f
a94b3215-a1b4-412b-83f3-f5821e20642d,Form Snack,Snacks,Sub-Snacks-4,549,36,a2c63bed-5e56-4a32-97e7-0f21eaa77d05
5040cf30-cd96-46c0-9f7e-1a3f2c550ee7,Available Baker,Bakery,Sub-Bakery-1,37,393,ca5fcf37-bf12-46c7-8a5c-e5e4907d44cf
8ac662f1-b548-4c12-be52-b086a72bef37,Long Vegetable,Vegetables,Sub-Vegetables-1,94,61,b7e05134-0d7f-4c08-8595-e4f6d4d5f2b0
c17e74ee-6ef5-4fda-9f3f-f93fb958a541,Tree Dair,Dairy,Sub-Dairy-4,117,144,64d0412c-213e-4681-8f6a-df940885bbf1
b799e620-db36-4563-9908-743a039f5bcb,Phone Vegetable,Vegetables,Sub-Vegetables-4,787,37,3d614049-2038-40f5-808e-7d868545e10f
9d224088-e871-4734-b7c5-422904986cf1,Great Mea,Meat,Sub-Meat-1,470,103,21466ba5-3fb8-4bb0-a34d-8bf42ce8be02
b4c2dbed-61f4-4db8-8e25-9a34c71b5280,Customer Mea,Meat,Sub-Meat-4,4,244,e9e936b2-54e3-4771-aa6d-fd3d4565acd7
e00cb2f3-cb8f-4618-96a6-f650856ac660,Action Snack,Snacks,Sub-Snacks-3,655,194,97e768fb-69b3-46df-81e3-0b249b4489b7
c2c9911b-df30-456e-8159-046b1df2188e,Kind Baker,Bakery,Sub-Bakery-3,113,349,8eeac64e-788d-42b4-b03b-1cf3f6e29d33
9d153af4-3206-47bf-b669-8672efb8978d,Bring Vegetable,Vegetables,Sub-Vegetables-1,597,218,3d614049-2038-40f5-808e-7d868545e10f
c1942428-3788-4e17-a558-d52f786a9bd9,Herself Fruit,Fruits,Sub-Fruits-1,667,309,3ded9cdb-80a7-44b2-98fe-a1603797512a
6d283e54-9fc2-4b15-b854-0ff80eeb21c9,Couple Baker,Bakery,Sub-Bakery-4,48,261,0d6cbb0e-e585-46c3-8115-9a0d3128ae3f
fdab073c-65aa-4b4d-9703-3ec61b713ab2,Husband Mea,Meat,Sub-Meat-2,445,380,f47b52d0-bb5d-453f-84d3-63af8f9a040e
ec340887-0c8d-4da0-87ba-898841fbf5b4,Soon Dair,Dairy,Sub-Dairy-4,891,56,1974ab47-859d-47b1-99ad-f9cf600553ba
c301f866-b333-4bf2-ba3c-043849e7ace2,Edge Mea,Meat,Sub-Meat-1,168,169,bbe34cdb-4bdd-4307-a688-fb550e9bbc37
2f1c0249-eed6-4af4-adb6-e7fe84ae566b,Determine Dair,Dairy,Sub-Dairy-1,571,68,539a4f7f-5fd4-40be-8400-0c129a728c07
6aab1676-b5bb-4855-9a61-849728260d36,Decide Fruit,Fruits,Sub-Fruits-2,895,124,1d39588b-0de9-415f-b039-141d5f6e16e6
abe02cbf-d47f-43de-8f76-413493e936ad,Likely Mea,Meat,Sub-Meat-3,274,152,ca5fcf37-bf12-46c7-8a5c-e5e4907d44cf
6f07f7f3-8592-4696-8878-f18bc5a583cb,Store Mea,Meat,Sub-Meat-2,881,388,cdd4c0b3-6a31-4ac8-8ba9-f83d81efc70c
1e9986fe-24de-4262-b900-aadd11589754,Most Dair,Dairy,Sub-Dairy-2,507,472,3d614049-2038-40f5-808e-7d868545e10f
c771240a-12d8-4fbb-bb10-fba6cd263c54,Often Snack,Snacks,Sub-Snacks-1,914,484,9b2a54d0-cc51-4d3d-a2a0-f211e17eb60c
e390d80c-248c-4d1c-931e-442686ef6f2d,Feel Mea,Meat,Sub-Meat-4,284,389,b7e05134-0d7f-4c08-8595-e4f6d4d5f2b0
43f15997-1783-43d2-b769-4516a065b632,Rate Baker,Bakery,Sub-Bakery-3,298,177,a9079296-09e9-4021-a8f4-686545c3b187
d1b12a3d-362d-45de-82e1-0b267f6e6a69,Shake Mea,Meat,Sub-Meat-3,854,10,d58e0a1d-6b90-4b63-bdd4-995fdabf22d8
46e112aa-17cf-41a9-a311-6498523c9005,Situation Fruit,Fruits,Sub-Fruits-2,404,66,311c2fef-74da-40db-9379-02ffbc7649c5
4bb18ef6-0b32-4838-b881-2f5fa0038800,Lose Vegetable,Vegetables,Sub-Vegetables-4,635,389,898ca408-050f-49be-b083-00eedf4bd064
4020b859-ae26-4f68-8a52-771118055f40,Take Snack,Snacks,Sub-Snacks-1,74,396,ae18804b-376b-486e-b505-27827e2bb65b
edd4b670-de5f-4d8b-8a35-f04eda2f90ef,Difficult Dair,Dairy,Sub-Dairy-1,32,409,78dc74b5-f07f-4c4f-b68b-f753946c4169
afb7853f-adcb-423e-bc24-9776c3a4c25d,Home Vegetable,Vegetables,Sub-Vegetables-2,339,54,ae75a587-f35c-43f4-be12-73d764f224fa
50df6463-5765-47fa-a9df-61475c423f1b,Development Snack,Snacks,Sub-Snacks-1,927,243,295592ff-c3d9-4f67-8a99-a2e7fe57021d
a9766a03-2fa7-45f7-9441-37bd04afed5f,Name Vegetable,Vegetables,Sub-Vegetables-3,841,204,325d3442-638c-423b-961a-852f38f24244
a6e1bfdd-604b-4632-b6a1-123863a3fce1,Media Baker,Bakery,Sub-Bakery-2,180,446,a8bce84c-0b7b-4b57-8dc7-9349ec596c1d
ec54b0b4-5716-4498-b7ab-00c189468c79,Individual Snack,Snacks,Sub-Snacks-2,572,88,b7e05134-0d7f-4c08-8595-e4f6d4d5f2b0
4c206d02-ee59-458d-a36e-5ebda9552a3e,Job Mea,Meat,Sub-Meat-3,880,432,6fe73b62-d844-47ae-8632-99ebe7afe93a
030ff542-d5f3-4387-9654-90ae0e38702c,Western Mea,Meat,Sub-Meat-4,422,397,325d3442-638c-423b-961a-852f38f24244
6cb1b592-e711-4419-ace5-a5386cbd4cec,Method Snack,Snacks,Sub-Snacks-2,624,429,5be0ea7a-d8b9-42b0-ae31-4ccf4c8b24fa
e1607546-600e-4c73-9860-ca3a41bd28c5,Degree Snack,Snacks,Sub-Snacks-3,387,303,cbee0816-9f68-4a9f-9b66-08ee23a87de2
6fa05729-610d-4911-8418-20335de8ccf0,Suffer Mea,Meat,Sub-Meat-4,910,471,5be0ea7a-d8b9-42b0-ae31-4ccf4c8b24fa
a60615bb-310c-4347-9db3-a0f1ab966dcf,Mrs Mea,Meat,Sub-Meat-3,387,425,a76ab021-15de-49ec-88e9-011036d04f26
5bbdce93-9e4c-4aab-a0c6-187dcd0db8fe,Person Fruit,Fruits,Sub-Fruits-2,473,301,b7e05134-0d7f-4c08-8595-e4f6d4d5f2b0
5ad0fd1a-349c-4bef-b40f-1477c376389e,News Snack,Snacks,Sub-Snacks-4,889,373,ae75a587-f35c-43f4-be12-73d764f224fa
890fe14c-925f-417e-8100-3962a83656d9,Rate Vegetable,Vegetables,Sub-Vegetables-1,547,243,1ebab75e-e7f7-4507-bc6b-52d5ede69681
eadf25aa-417c-4a91-b111-796cfdfd0c0c,Late Fruit,Fruits,Sub-Fruits-4,495,387,78dc74b5-f07f-4c4f-b68b-f753946c4169
d6565927-c31b-483d-ac45-b350956423dd,Through Mea,Meat,Sub-Meat-4,626,401,821b7ee6-5162-4c03-85d7-ba5f2fe8d81d
dfefc4d3-d0c6-42d5-a3cd-1969f3da07ef,General Mea,Meat,Sub-Meat-1,687,19,6105eaf8-1109-414e-98e7-96e623b2fd03
8faddcc7-7e96-406a-b0f7-f9cb0436359c,Education Vegetable,Vegetables,Sub-Vegetables-4,543,81,78893cc3-a2c7-4c22-b6e7-0fbcd9856311
be3b9da0-4490-4de5-b711-90c9fa87a214,Situation Snack,Snacks,Sub-Snacks-3,810,404,cdd4c0b3-6a31-4ac8-8ba9-f83d81efc70c
6533ed7b-c4f9-4d13-910d-03f7d2621762,Change Fruit,Fruits,Sub-Fruits-4,931,77,ca8fee9b-18fd-43f9-9562-f0a35ea4f066
317de63c-5e28-420f-8216-adfcdef82939,Situation Vegetable,Vegetables,Sub-Vegetables-3,39,286,1d39588b-0de9-415f-b039-141d5f6e16e6
cebfe377-6eec-4837-a1c6-c6fcf98daef6,Too Mea,Meat,Sub-Meat-1,662,289,1ebab75e-e7f7-4507-bc6b-52d5ede69681
17b9e367-0bec-4cda-b7d9-2955815b1bc0,Often Vegetable,Vegetables,Sub-Vegetables-4,320,275,1974ab47-859d-47b1-99ad-f9cf600553ba
c90176e5-cbf6-4241-af72-71a3659751bc,Stay Mea,Meat,Sub-Meat-4,158,214,a85f5f10-3487-4d8e-aa6d-a1454fdfbb5d
1da81cda-9793-4527-b561-5db0cfd9608a,Indicate Mea,Meat,Sub-Meat-4,136,386,ae18804b-376b-486e-b505-27827e2bb65b
2091292a-fe60-4390-8223-266c018b3ebe,Drive Mea,Meat,Sub-Meat-3,354,380,36fed59e-2a82-4990-84b6-29f4babbc7c3
74eeaee8-44dc-44f9-bfda-a6f3f872f646,Site Mea,Meat,Sub-Meat-4,368,158,a9079296-09e9-4021-a8f4-686545c3b187
886283ae-07ef-46b5-92d0-a573b567a0ec,Sometimes Mea,Meat,Sub-Meat-3,337,460,6fe73b62-d844-47ae-8632-99ebe7afe93a
f7ea0199-dd55-4019-b627-6edb04d2190a,Assume Dair,Dairy,Sub-Dairy-2,341,99,75f09dc0-9a02-48a6-a750-1edbda1a2c79
53a9bd32-ff0b-4173-88d6-45975da87a8d,Week Fruit,Fruits,Sub-Fruits-4,95,197,6105eaf8-1109-414e-98e7-96e623b2fd03
2713e7d5-53ea-44d7-a87d-92cb595911b1,Stock Snack,Snacks,Sub-Snacks-4,526,88,b7e05134-0d7f-4c08-8595-e4f6d4d5f2b0
e9144072-b8e1-4ea6-946b-d136ca29e2e5,Family Mea,Meat,Sub-Meat-1,938,473,737a3c46-e9d3-46c8-93f0-bce52be88056
c928b134-899f-4cef-84b6-25cb1ad2519c,Scientist Fruit,Fruits,Sub-Fruits-2,40,286,87354196-8cee-44e7-bc9c-95475fc4887b
6be1b163-c631-4ba9-88ee-4cdec9ebba04,Kind Snack,Snacks,Sub-Snacks-3,653,63,489d765f-bd17-41bc-9623-ee4ce1f59aed
56630e3c-fe5e-4aea-a2c3-ac73292836f6,Describe Mea,Meat,Sub-Meat-1,728,86,5405a029-3e39-4d8f-911f-7ca0f8ed0467
2aac88f5-f3a1-4cd3-96b9-e4dad42cf5bb,Coach Fruit,Fruits,Sub-Fruits-4,26,336,6105eaf8-1109-414e-98e7-96e623b2fd03
f94db5a1-9e31-41dd-aa08-cf5632c2cd55,Read Snack,Snacks,Sub-Snacks-4,893,404,c0f9c773-055c-4bc1-9f03-61ed980a2ab4
6ddc2d05-1a68-4f60-95bd-6544c01d536d,Stay Fruit,Fruits,Sub-Fruits-2,428,203,295592ff-c3d9-4f67-8a99-a2e7fe57021d
54f7a232-2de5-46a4-a8df-d5e472835ba6,Tough Fruit,Fruits,Sub-Fruits-3,753,204,472dba92-b105-420b-8681-322f881cd15c
a4bc60f6-6709-4bdc-b059-189527a96ef1,As Fruit,Fruits,Sub-Fruits-4,622,279,d65a7907-4f18-4315-ac4e-05d1fa6db7cf
9039684c-e13a-4d84-ad88-25f63dd156af,Rest Dair,Dairy,Sub-Dairy-4,58,96,fe029a2f-8036-4451-84c1-805dbff4227f
1a8ad046-e718-4abc-9fcb-b9c704a42951,Participant Mea,Meat,Sub-Meat-4,498,476,4670bc2c-7d71-4a16-ac0c-8ef90492c57b
263345ab-9ec1-4fe2-b25d-9d74efd3d8f1,Red Dair,Dairy,Sub-Dairy-4,65,15,9b2a54d0-cc51-4d3d-a2a0-f211e17eb60c
0628599d-2f51-46a8-ab5e-7e54a383ca44,Late Vegetable,Vegetables,Sub-Vegetables-4,212,287,1974ab47-859d-47b1-99ad-f9cf600553ba
cdbe746a-b6a5-43c3-b8ae-3cda759f816e,Our Baker,Bakery,Sub-Bakery-4,830,355,e6b7c1da-1169-4ef1-93b3-b12f39d42da2
51d839a4-bf3d-41ff-a998-bd5b379e8368,Develop Snack,Snacks,Sub-Snacks-4,165,267,9262e0d3-87b2-4e38-8471-9e5f971e109f
cdaa89af-767d-4006-819f-bc15d4109c4d,World Fruit,Fruits,Sub-Fruits-3,725,245,ca8fee9b-18fd-43f9-9562-f0a35ea4f066
d0a53772-3116-41b1-acaf-54e58331177d,Goal Fruit,Fruits,Sub-Fruits-3,6,91,17f96d5d-46c5-4c63-a268-85a282e04400
e0eb92d3-e08c-459d-b47a-b08182b90bc2,Do Dair,Dairy,Sub-Dairy-3,898,495,6105eaf8-1109-414e-98e7-96e623b2fd03
8d392a16-c429-4243-860b-163f6af1c233,Notice Snack,Snacks,Sub-Snacks-4,757,141,b43e95ec-45a1-4d19-a51a-906f20138819
c72fe6ae-39b5-4761-8869-ba743760b66e,Marriage Fruit,Fruits,Sub-Fruits-1,100,127,652287da-0696-43e7-b68f-b5abd2217972
d964edfa-75b0-49ab-9168-0c249fa4d22f,Court Snack,Snacks,Sub-Snacks-3,874,282,295592ff-c3d9-4f67-8a99-a2e7fe57021d
c1dd8a72-e292-455e-ad29-9ab3d84cb9b5,Technology Snack,Snacks,Sub-Snacks-1,526,87,2eac5dc7-e37c-469c-9ed8-d435cf67e707
e4500d38-ed8e-489f-998e-5805175f9c89,So Snack,Snacks,Sub-Snacks-1,634,91,9739e139-664d-478d-a30a-b5902d024371
08794c01-b9d4-4d01-a486-9fa78e1a0929,Recently Baker,Bakery,Sub-Bakery-2,963,450,1974ab47-859d-47b1-99ad-f9cf600553ba
479f1380-fe27-47fa-bd9a-b17855d465ce,Spring Mea,Meat,Sub-Meat-2,16,11,652287da-0696-43e7-b68f-b5abd2217972
6e1c7d78-8fc0-4c3e-b399-49c46ee89596,Body Baker,Bakery,Sub-Bakery-3,326,200,11693b36-f557-4fe1-bb3b-7cd114a64501
95c53e28-f430-4b82-9ace-8be92ac29bc9,Candidate Baker,Bakery,Sub-Bakery-3,413,174,97e768fb-69b3-46df-81e3-0b249b4489b7
5e0a227b-2c8f-42a7-9be0-a30de9918098,Indeed Fruit,Fruits,Sub-Fruits-2,698,319,21466ba5-3fb8-4bb0-a34d-8bf42ce8be02
9887f433-7ed0-4708-b84e-bbcc1625241f,Study Snack,Snacks,Sub-Snacks-2,83,222,821b7ee6-5162-4c03-85d7-ba5f2fe8d81d
5b2795f8-8399-426b-b7ae-2fbc22c19b79,Light Baker,Bakery,Sub-Bakery-4,931,241,3911de31-9181-493d-bdaf-a458d38230b8
dfed45db-fd8b-433e-a601-c2388530f82d,Goal Vegetable,Vegetables,Sub-Vegetables-3,646,306,a9a778cf-d220-4797-8489-b3cc3b6f9bf1
8370384f-6261-4b0f-9885-f5a64b04a49a,Thing Mea,Meat,Sub-Meat-1,4,265,f9f036bc-4256-4b8b-8450-0748a74f056b
9befd4bb-2a78-4823-bedb-d765f0a12755,Sit Fruit,Fruits,Sub-Fruits-1,93,235,75f09dc0-9a02-48a6-a750-1edbda1a2c79
be3e3e17-adc6-4546-ac4d-290b3231017d,Media Mea,Meat,Sub-Meat-1,91,196,865832da-8442-482e-b22f-ee7a863edbfe
f99883ca-cbb4-4c74-9938-a0f435896975,Have Vegetable,Vegetables,Sub-Vegetables-2,977,340,a9079296-09e9-4021-a8f4-686545c3b187
89f38b6c-fc6b-4bd3-9af1-86adabda23a0,Near Fruit,Fruits,Sub-Fruits-4,751,254,9739e139-664d-478d-a30a-b5902d024371
a861f68c-bbdd-47be-885f-511a8312949c,Total Dair,Dairy,Sub-Dairy-2,33,289,f9f036bc-4256-4b8b-8450-0748a74f056b
68338194-a7c5-458d-a76f-a4c097ace6a8,Work Vegetable,Vegetables,Sub-Vegetables-1,850,17,489d765f-bd17-41bc-9623-ee4ce1f59aed
da9eb433-ddd9-4b0e-bbd0-bc1be1128ed1,Spring Dair,Dairy,Sub-Dairy-3,32,416,539a4f7f-5fd4-40be-8400-0c129a728c07
8f890fd1-4a11-411a-b0e6-953e93cfae86,Continue Fruit,Fruits,Sub-Fruits-1,468,307,50c5790b-3d04-484f-847e-2c45606528c0
16afe3ad-9f99-4d55-872c-770517390636,Those Vegetable,Vegetables,Sub-Vegetables-1,620,92,dbc85300-3479-4194-9399-d87258c840e3
d017d829-e3c6-4ea9-9398-158aecb36514,Fill Dair,Dairy,Sub-Dairy-1,157,465,472dba92-b105-420b-8681-322f881cd15c
74b44a1e-5504-4323-99aa-938c4354c6e4,Despite Baker,Bakery,Sub-Bakery-4,97,71,9b2a54d0-cc51-4d3d-a2a0-f211e17eb60c
9adc472b-0a0f-4b4b-a273-fb9d3388f355,Past Mea,Meat,Sub-Meat-4,269,98,b7e05134-0d7f-4c08-8595-e4f6d4d5f2b0
bdbbc436-20a7-43ad-bea0-ebe51f9a85ae,War Vegetable,Vegetables,Sub-Vegetables-1,104,395,9c835e49-ca2d-4154-a075-06a41016b760
95b941ed-d507-4203-874a-f2da0a6fc3af,Effect Snack,Snacks,Sub-Snacks-3,249,309,5be0ea7a-d8b9-42b0-ae31-4ccf4c8b24fa
e20c0926-efc7-4144-82c9-e9d5b37a37d0,Brother Fruit,Fruits,Sub-Fruits-3,162,365,539a4f7f-5fd4-40be-8400-0c129a728c07
e6717d9a-18ce-417e-acfc-f05fb0649e2a,Open Baker,Bakery,Sub-Bakery-4,619,277,6fe73b62-d844-47ae-8632-99ebe7afe93a
e5135567-da0b-41ba-a39e-9eb1f0f380fb,Fill Snack,Snacks,Sub-Snacks-3,364,284,1d39588b-0de9-415f-b039-141d5f6e16e6
7e32982d-b129-42cf-8224-1c13179d0851,Leave Fruit,Fruits,Sub-Fruits-2,907,162,a85f5f10-3487-4d8e-aa6d-a1454fdfbb5d
da9276e2-5e2a-4053-bbdd-05a5b9bae08f,Father Mea,Meat,Sub-Meat-3,363,214,472dba92-b105-420b-8681-322f881cd15c
4027366c-8fac-42ac-a58c-7516bb88a8c9,Something Mea,Meat,Sub-Meat-2,266,257,ba984c84-8d78-4673-9030-759379f23f99
0f0008af-5aac-46c5-a401-9e16d384ce10,Sing Mea,Meat,Sub-Meat-3,758,109,4eae7c1c-d76c-40fb-ab00-514ca49fded9
f9617c7b-415e-4d1f-9ea4-84d3978d1d35,Market Dair,Dairy,Sub-Dairy-4,884,39,325d3442-638c-423b-961a-852f38f24244
49ba644a-b75d-4d53-9d21-5ce45a0ff587,Onto Dair,Dairy,Sub-Dairy-2,900,436,4670bc2c-7d71-4a16-ac0c-8ef90492c57b
edc6f014-b5be-4287-b71d-dc942b35953c,All Dair,Dairy,Sub-Dairy-3,23,146,24a750e4-88c7-4e76-8125-5cb510c220e8
48464a34-94df-424d-9d58-2f09f4b1083b,Bring Snack,Snacks,Sub-Snacks-1,516,133,cdd4c0b3-6a31-4ac8-8ba9-f83d81efc70c
be92dd3a-fc10-419c-ac99-1cfa346661af,Doctor Fruit,Fruits,Sub-Fruits-2,674,349,e9e936b2-54e3-4771-aa6d-fd3d4565acd7
880f89ac-bf99-41a2-b803-1130e7186cc5,Art Vegetable,Vegetables,Sub-Vegetables-1,31,306,1ebab75e-e7f7-4507-bc6b-52d5ede69681
8cb3e0ec-ab5a-4436-8220-f850e24bf3ab,Popular Dair,Dairy,Sub-Dairy-3,216,137,605463ce-5386-49fe-a96a-48e5d1ae199f
3c40255d-9a22-4630-b0a6-3e91eb6575a5,Certainly Baker,Bakery,Sub-Bakery-4,505,373,a494b24c-1481-4a30-a7e0-42f3ef211c68
fd5654b4-93a4-4e19-b9a6-a5c57302c0c0,Activity Snack,Snacks,Sub-Snacks-4,133,244,5f6b5980-2ff5-44ae-a915-1f6623576752
e49852cc-b9c2-421c-973b-3719246097c4,Thus Snack,Snacks,Sub-Snacks-2,256,137,87354196-8cee-44e7-bc9c-95475fc4887b
